{"accuracy": [0.08281707763671875, 0.09155527502298355, 0.08571624755859375, 0.0841166153550148, 0.0897878035902977, 0.08712005615234375, 0.086151123046875, 0.0913543701171875, 0.07631683349609375, 0.08299509435892105, 0.09172821044921875, 0.08466339111328125, 0.08965301513671875, 0.08648935705423355, 0.08040618896484375, 0.08862050622701645, 0.087371826171875, 0.0808563232421875, 0.08476003259420395, 0.09220632165670395, 0.07793426513671875, 0.0792897567152977, 0.09656015783548355, 0.0812835693359375, 0.08172353357076645, 0.09441884607076645, 0.08040618896484375, 0.08556874841451645, 0.09057363122701645, 0.08040618896484375, 0.0870717391371727, 0.0873006209731102, 0.08571624755859375, 0.09098561853170395, 0.08542633056640625, 0.07959747314453125, 0.08527374267578125, 0.09132639318704605, 0.07903289794921875, 0.08194223791360855, 0.0955352783203125], "iou_score": [0.08281707018613815, 0.09155526757240295, 0.057144153863191605, 0.0841166079044342, 0.0897877886891365, 0.058080028742551804, 0.0861511155962944, 0.0913543626666069, 0.050877880305051804, 0.08299508690834045, 0.09172820299863815, 0.056442249566316605, 0.08965300768613815, 0.08648934960365295, 0.053604114800691605, 0.08862049132585526, 0.0873718187212944, 0.053904205560684204, 0.08476001769304276, 0.09220630675554276, 0.051956165581941605, 0.0792897418141365, 0.09656015038490295, 0.054189037531614304, 0.08172351866960526, 0.09441883116960526, 0.053604114800691605, 0.08556873351335526, 0.09057361632585526, 0.053604114800691605, 0.0870717242360115, 0.087300606071949, 0.057144153863191605, 0.09098560363054276, 0.08542632311582565, 0.053064972162246704, 0.08527373522520065, 0.09132638573646545, 0.052688587456941605, 0.08194223046302795, 0.0955352708697319], "loss": [0.847176730632782, 0.8326244950294495, 0.8421386480331421, 0.8451921343803406, 0.8354080319404602, 0.8397416472434998, 0.8415538668632507, 0.8328507542610168, 0.8583285808563232, 0.8471133708953857, 0.8321035504341125, 0.8438915014266968, 0.8357412815093994, 0.8410387635231018, 0.8512020111083984, 0.8373541235923767, 0.8396854400634766, 0.8504236936569214, 0.8437585234642029, 0.831617534160614, 0.8554145097732544, 0.853140115737915, 0.8241353631019592, 0.849716067314148, 0.8490025997161865, 0.8277774453163147, 0.8512020111083984, 0.8425953984260559, 0.8341846466064453, 0.8512020111083984, 0.8401094079017639, 0.8396918177604675, 0.8421386480331421, 0.8335387706756592, 0.8427937626838684, 0.852544903755188, 0.8431034088134766, 0.8328981995582581, 0.8535375595092773, 0.8485739827156067, 0.8258779644966125], "precision": [0.08281707763671875, 0.09155527502298355, 0.08571624755859375, 0.0841166153550148, 0.0897878035902977, 0.08712005615234375, 0.086151123046875, 0.0913543701171875, 0.07631683349609375, 0.08299509435892105, 0.09172821044921875, 0.08466339111328125, 0.08965301513671875, 0.08648935705423355, 0.08040618896484375, 0.08862050622701645, 0.087371826171875, 0.0808563232421875, 0.08476003259420395, 0.09220632165670395, 0.07793426513671875, 0.0792897567152977, 0.09656015783548355, 0.0812835693359375, 0.08172353357076645, 0.09441884607076645, 0.08040618896484375, 0.08556874841451645, 0.09057363122701645, 0.08040618896484375, 0.0870717391371727, 0.0873006209731102, 0.08571624755859375, 0.09098561853170395, 0.08542633056640625, 0.07959747314453125, 0.08527374267578125, 0.09132639318704605, 0.07903289794921875, 0.08194223791360855, 0.0955352783203125], "recall": [1.0, 1.0, 1.0, 1.0, 1.0, 1.0, 1.0, 1.0, 1.0, 1.0, 1.0, 1.0, 1.0, 1.0, 1.0, 1.0, 1.0, 1.0, 1.0, 1.0, 1.0, 1.0, 1.0, 1.0, 1.0, 1.0, 1.0, 1.0, 1.0, 1.0, 1.0, 1.0, 1.0, 1.0, 1.0, 1.0, 1.0, 1.0, 1.0, 1.0, 1.0], "val_accuracy": [0.0851949080824852, 0.0851949080824852, 0.0851949080824852, 0.0851949080824852, 0.0851949080824852, 0.0851949080824852, 0.0851949080824852, 0.0851949080824852, 0.0851949080824852, 0.0851949080824852, 0.0851949080824852, 0.0851949080824852, 0.0851949080824852, 0.0851949080824852, 0.0851949080824852, 0.0851949080824852, 0.0851949080824852, 0.0851949080824852, 0.0851949080824852, 0.0851949080824852, 0.0851949080824852], "val_iou_score": [0.085194893181324, 0.085194893181324, 0.085194893181324, 0.085194893181324, 0.085194893181324, 0.085194893181324, 0.085194893181324, 0.085194893181324, 0.085194893181324, 0.085194893181324, 0.085194893181324, 0.085194893181324, 0.085194893181324, 0.085194893181324, 0.085194893181324, 0.085194893181324, 0.085194893181324, 0.085194893181324, 0.085194893181324, 0.085194893181324, 0.085194893181324], "val_loss": [0.8432364463806152, 0.84323650598526, 0.84323650598526, 0.84323650598526, 0.8432364463806152, 0.84323650598526, 0.84323650598526, 0.8432364463806152, 0.8432364463806152, 0.8432364463806152, 0.8432364463806152, 0.84323650598526, 0.84323650598526, 0.8432364463806152, 0.84323650598526, 0.8432364463806152, 0.84323650598526, 0.8432364463806152, 0.84323650598526, 0.84323650598526, 0.8432364463806152], "val_precision": [0.0851949080824852, 0.0851949080824852, 0.0851949080824852, 0.0851949080824852, 0.0851949080824852, 0.0851949080824852, 0.0851949080824852, 0.0851949080824852, 0.0851949080824852, 0.0851949080824852, 0.0851949080824852, 0.0851949080824852, 0.0851949080824852, 0.0851949080824852, 0.0851949080824852, 0.0851949080824852, 0.0851949080824852, 0.0851949080824852, 0.0851949080824852, 0.0851949080824852, 0.0851949080824852], "val_recall": [1.0, 1.0, 1.0, 1.0, 1.0, 1.0, 1.0, 1.0, 1.0, 1.0, 1.0, 1.0, 1.0, 1.0, 1.0, 1.0, 1.0, 1.0, 1.0, 1.0, 1.0], "learning_rate": [0.0010000000474974513, 0.0010000000474974513, 0.0010000000474974513, 0.0010000000474974513, 0.0010000000474974513, 0.0010000000474974513, 0.0010000000474974513, 0.0010000000474974513, 0.0010000000474974513, 0.0010000000474974513, 0.0010000000474974513, 0.00010000000474974513, 0.00010000000474974513, 0.00010000000474974513, 0.00010000000474974513, 0.00010000000474974513, 0.00010000000474974513, 0.00010000000474974513, 0.00010000000474974513, 0.00010000000474974513, 0.00010000000474974513, 1.0000000656873453e-05, 1.0000000656873453e-05, 1.0000000656873453e-05, 1.0000000656873453e-05, 1.0000000656873453e-05, 1.0000000656873453e-05, 1.0000000656873453e-05, 1.0000000656873453e-05, 1.0000000656873453e-05, 1.0000000656873453e-05, 1.0000001111620804e-06, 1.0000001111620804e-06, 1.0000001111620804e-06, 1.0000001111620804e-06, 1.0000001111620804e-06, 1.0000001111620804e-06, 1.0000001111620804e-06, 1.0000001111620804e-06, 1.0000001111620804e-06, 1.0000001111620804e-06]}