{"accuracy": [0.0871429443359375, 0.08802032470703125, 0.083343505859375, 0.0849049910902977, 0.0894978865981102, 0.08562469482421875, 0.0865275040268898, 0.084442138671875, 0.09592437744140625, 0.08162180334329605, 0.0919545516371727, 0.088104248046875, 0.084686279296875, 0.09166208654642105, 0.0797882080078125, 0.0889434814453125, 0.0871022567152977, 0.08069610595703125, 0.0862884521484375, 0.0882161483168602, 0.08531951904296875, 0.07921600341796875, 0.0954793319106102, 0.084747314453125, 0.08715057373046875, 0.09064483642578125, 0.07544708251953125, 0.0905100479722023, 0.08862050622701645, 0.071441650390625, 0.08880869299173355, 0.08526611328125, 0.08660888671875, 0.08546193689107895, 0.08670298010110855, 0.09233856201171875, 0.0861002579331398, 0.08649444580078125, 0.0910491943359375, 0.08869680017232895, 0.08097585290670395], "iou_score": [0.0871429368853569, 0.08802031725645065, 0.055562328547239304, 0.0849049761891365, 0.089497871696949, 0.057083118706941605, 0.0865274965763092, 0.0844421312212944, 0.0639495775103569, 0.08162179589271545, 0.0919545367360115, 0.058736156672239304, 0.0846862718462944, 0.09166207909584045, 0.053192127496004105, 0.0889434739947319, 0.0871022418141365, 0.053797394037246704, 0.0862884446978569, 0.088216133415699, 0.056879669427871704, 0.07921599596738815, 0.095479317009449, 0.056498199701309204, 0.08715056627988815, 0.09064482897520065, 0.050298046320676804, 0.0905100405216217, 0.08862049132585526, 0.047627758234739304, 0.08880868554115295, 0.0852661058306694, 0.057739246636629105, 0.08546192198991776, 0.08670297265052795, 0.061559032648801804, 0.0861002504825592, 0.08649443835020065, 0.060699451714754105, 0.08869678527116776, 0.08097583800554276], "loss": [0.8400970101356506, 0.8383684158325195, 0.8461461067199707, 0.8435807228088379, 0.8361789584159851, 0.8422632217407227, 0.8410561084747314, 0.8442736268043518, 0.8255530595779419, 0.8492281436920166, 0.8319296836853027, 0.8380686044692993, 0.8440093994140625, 0.832425057888031, 0.8522391319274902, 0.8371540904045105, 0.8398039937019348, 0.8506679534912109, 0.8413181304931641, 0.8382682800292969, 0.8427832126617432, 0.8532704710960388, 0.8259940147399902, 0.8437491655349731, 0.8399968147277832, 0.833953320980072, 0.8596920371055603, 0.8342680335044861, 0.8373540043830872, 0.8666762113571167, 0.8371840119361877, 0.843133270740509, 0.8405901193618774, 0.8428812623023987, 0.840631902217865, 0.8310028910636902, 0.8417052626609802, 0.8410769104957581, 0.8331960439682007, 0.8372204303741455, 0.850334107875824], "precision": [0.0871429443359375, 0.08802032470703125, 0.083343505859375, 0.0849049910902977, 0.0894978865981102, 0.08562469482421875, 0.0865275040268898, 0.084442138671875, 0.09592437744140625, 0.08162180334329605, 0.0919545516371727, 0.088104248046875, 0.084686279296875, 0.09166208654642105, 0.0797882080078125, 0.0889434814453125, 0.0871022567152977, 0.08069610595703125, 0.0862884521484375, 0.0882161483168602, 0.08531951904296875, 0.07921600341796875, 0.0954793319106102, 0.084747314453125, 0.08715057373046875, 0.09064483642578125, 0.07544708251953125, 0.0905100479722023, 0.08862050622701645, 0.071441650390625, 0.08880869299173355, 0.08526611328125, 0.08660888671875, 0.08546193689107895, 0.08670298010110855, 0.09233856201171875, 0.0861002579331398, 0.08649444580078125, 0.0910491943359375, 0.08869680017232895, 0.08097585290670395], "recall": [1.0, 1.0, 1.0, 1.0, 1.0, 1.0, 1.0, 1.0, 1.0, 1.0, 1.0, 1.0, 1.0, 1.0, 1.0, 1.0, 1.0, 1.0, 1.0, 1.0, 1.0, 1.0, 1.0, 1.0, 1.0, 1.0, 1.0, 1.0, 1.0, 1.0, 1.0, 1.0, 1.0, 1.0, 1.0, 1.0, 1.0, 1.0, 1.0, 1.0, 1.0], "val_accuracy": [0.0851949080824852, 0.0851949080824852, 0.0851949080824852, 0.0851949080824852, 0.0851949080824852, 0.0851949080824852, 0.0851949080824852, 0.0851949080824852, 0.0851949080824852, 0.0851949080824852, 0.0851949080824852, 0.0851949080824852, 0.0851949080824852, 0.0851949080824852, 0.0851949080824852, 0.0851949080824852, 0.0851949080824852, 0.0851949080824852, 0.0851949080824852, 0.0851949080824852, 0.0851949080824852], "val_iou_score": [0.085194893181324, 0.085194893181324, 0.085194893181324, 0.085194893181324, 0.085194893181324, 0.085194893181324, 0.085194893181324, 0.085194893181324, 0.085194893181324, 0.085194893181324, 0.085194893181324, 0.085194893181324, 0.085194893181324, 0.085194893181324, 0.085194893181324, 0.085194893181324, 0.085194893181324, 0.085194893181324, 0.085194893181324, 0.085194893181324, 0.085194893181324], "val_loss": [0.8432364463806152, 0.8432364463806152, 0.8432364463806152, 0.8432364463806152, 0.84323650598526, 0.84323650598526, 0.8432364463806152, 0.8432364463806152, 0.84323650598526, 0.8432364463806152, 0.84323650598526, 0.8432364463806152, 0.84323650598526, 0.84323650598526, 0.84323650598526, 0.84323650598526, 0.84323650598526, 0.8432364463806152, 0.8432364463806152, 0.84323650598526, 0.8432364463806152], "val_precision": [0.0851949080824852, 0.0851949080824852, 0.0851949080824852, 0.0851949080824852, 0.0851949080824852, 0.0851949080824852, 0.0851949080824852, 0.0851949080824852, 0.0851949080824852, 0.0851949080824852, 0.0851949080824852, 0.0851949080824852, 0.0851949080824852, 0.0851949080824852, 0.0851949080824852, 0.0851949080824852, 0.0851949080824852, 0.0851949080824852, 0.0851949080824852, 0.0851949080824852, 0.0851949080824852], "val_recall": [1.0, 1.0, 1.0, 1.0, 1.0, 1.0, 1.0, 1.0, 1.0, 1.0, 1.0, 1.0, 1.0, 1.0, 1.0, 1.0, 1.0, 1.0, 1.0, 1.0, 1.0], "learning_rate": [0.0010000000474974513, 0.0010000000474974513, 0.0010000000474974513, 0.0010000000474974513, 0.0010000000474974513, 0.0010000000474974513, 0.0010000000474974513, 0.0010000000474974513, 0.0010000000474974513, 0.0010000000474974513, 0.0010000000474974513, 0.00010000000474974513, 0.00010000000474974513, 0.00010000000474974513, 0.00010000000474974513, 0.00010000000474974513, 0.00010000000474974513, 0.00010000000474974513, 0.00010000000474974513, 0.00010000000474974513, 0.00010000000474974513, 1.0000000656873453e-05, 1.0000000656873453e-05, 1.0000000656873453e-05, 1.0000000656873453e-05, 1.0000000656873453e-05, 1.0000000656873453e-05, 1.0000000656873453e-05, 1.0000000656873453e-05, 1.0000000656873453e-05, 1.0000000656873453e-05, 1.0000001111620804e-06, 1.0000001111620804e-06, 1.0000001111620804e-06, 1.0000001111620804e-06, 1.0000001111620804e-06, 1.0000001111620804e-06, 1.0000001111620804e-06, 1.0000001111620804e-06, 1.0000001111620804e-06, 1.0000001111620804e-06]}