{"accuracy": [0.7431228756904602, 0.7320396304130554, 0.6963163614273071, 0.6355050802230835], "f1-score": [1.6876245737075806, 1.8652894496917725, 1.9081023931503296, 1.9354101419448853], "iou_score": [8.263489723205566, 15.718633651733398, 24.06658172607422, 32.1799201965332], "loss": [-53.93047332763672, -154.5850067138672, -219.61056518554688, -245.2392578125], "precision": [0.4154990613460541, 0.425743043422699, 0.38254794478416443, 0.32361072301864624], "recall": [0.8096209764480591, 0.9133898615837097, 0.947452187538147, 0.9735842347145081], "learning_rate": [0.0010000000474974513, 0.0010000000474974513, 0.0010000000474974513, 0.0010000000474974513]}