{"accuracy": [0.0007392883417196572, 0.0007392883417196572, 0.0007392883417196572, 0.0007392883417196572], "f1-score": [1.911184310913086, 1.911184310913086, 1.911184310913086, 1.911184310913086], "iou_score": [21.975223541259766, 21.975223541259766, 21.975223541259766, 21.975223541259766], "loss": [-251.707763671875, -251.707763671875, -251.707763671875, -251.707763671875], "precision": [0.12032947689294815, 0.12032947689294815, 0.12032947689294815, 0.12032947689294815], "recall": [1.0, 1.0, 1.0, 1.0], "learning_rate": [0.0010000000474974513, 0.0010000000474974513, 0.0010000000474974513, 0.0010000000474974513]}