{"accuracy": [0.40710195899009705, 0.5222066044807434, 0.5675888061523438, 0.6772816777229309, 0.7768910527229309, 0.811492919921875, 0.8267822265625, 0.8712412714958191, 0.8806228637695312, 0.8995869755744934, 0.9143956303596497, 0.919036865234375, 0.9199091792106628, 0.9361699223518372, 0.9278793334960938, 0.9343922734260559, 0.9395853877067566, 0.925994873046875, 0.9336293339729309, 0.9394963383674622, 0.940185546875, 0.9422505497932434, 0.9328129887580872, 0.9425277709960938, 0.9434331059455872, 0.9354171752929688, 0.9373245239257812, 0.9423802495002747, 0.9421463012695312, 0.9263076782226562, 0.9387308955192566, 0.9433771967887878, 0.9297561645507812, 0.9366099238395691, 0.9432296752929688, 0.9406204223632812, 0.9342778325080872, 0.9440409541130066, 0.9446563720703125, 0.9436009526252747, 0.9354222416877747, 0.936004638671875, 0.9357096552848816, 0.9443257451057434, 0.9387664794921875], "iou_score": [0.09664814919233322, 0.11759179085493088, 0.15436691045761108, 0.15168730914592743, 0.17289821803569794, 0.1989932656288147, 0.22850783169269562, 0.2557954490184784, 0.25897905230522156, 0.3080476224422455, 0.3369748592376709, 0.3987106382846832, 0.3965025246143341, 0.4166530668735504, 0.39585205912590027, 0.44035017490386963, 0.4435613453388214, 0.3978143036365509, 0.44388818740844727, 0.4453916847705841, 0.43984752893447876, 0.46036019921302795, 0.4332750737667084, 0.46267709136009216, 0.46852684020996094, 0.4418034255504608, 0.4471712112426758, 0.4665948450565338, 0.465282678604126, 0.4083762466907501, 0.4561508893966675, 0.4642653167247772, 0.4239550828933716, 0.4486076533794403, 0.4727896451950073, 0.44828087091445923, 0.45493003726005554, 0.45840880274772644, 0.4736892879009247, 0.46030816435813904, 0.4585154950618744, 0.4317159950733185, 0.44860073924064636, 0.4584830105304718, 0.47752484679222107], "loss": [0.8243582844734192, 0.7896785140037537, 0.7332632541656494, 0.7369126677513123, 0.7063290476799011, 0.6681147813796997, 0.6283119320869446, 0.5927905440330505, 0.5890223979949951, 0.5294203162193298, 0.4964922368526459, 0.4299490451812744, 0.43239402770996094, 0.4122087061405182, 0.43351036310195923, 0.38874760270118713, 0.38567352294921875, 0.432290643453598, 0.3861631453037262, 0.38382086157798767, 0.3890908658504486, 0.36985304951667786, 0.396099716424942, 0.3675377070903778, 0.3621096909046173, 0.38808679580688477, 0.3820943832397461, 0.3638986647129059, 0.36511507630348206, 0.42144760489463806, 0.3738972246646881, 0.3659955561161041, 0.4065312147140503, 0.38134828209877014, 0.3582117259502411, 0.3809489607810974, 0.3756626546382904, 0.371379017829895, 0.3571905791759491, 0.3699094355106354, 0.3720548152923584, 0.39696335792541504, 0.3817335069179535, 0.3714149296283722, 0.35389620065689087], "precision": [0.11054718494415283, 0.13632319867610931, 0.17200613021850586, 0.18511584401130676, 0.23983566462993622, 0.28296324610710144, 0.3177550733089447, 0.37648606300354004, 0.36472025513648987, 0.4578104019165039, 0.4971437454223633, 0.5990085601806641, 0.5765380263328552, 0.6021552085876465, 0.5902117490768433, 0.6434991955757141, 0.6303817629814148, 0.5703479647636414, 0.6652880311012268, 0.6345539093017578, 0.6108016967773438, 0.6632389426231384, 0.6479623317718506, 0.6419100165367126, 0.6597397923469543, 0.6457494497299194, 0.6369721293449402, 0.6611049771308899, 0.6558578610420227, 0.6102161407470703, 0.6703493595123291, 0.6516044735908508, 0.612510085105896, 0.644957423210144, 0.6668641567230225, 0.6632634401321411, 0.6703836917877197, 0.6370489597320557, 0.6812137365341187, 0.6554675698280334, 0.6723232269287109, 0.6367973685264587, 0.653091549873352, 0.632124662399292, 0.7419465780258179], "recall": [0.8375962376594543, 0.8433840870857239, 0.8754497170448303, 0.7904759049415588, 0.7229053378105164, 0.7192474603652954, 0.7511205673217773, 0.7148908972740173, 0.7382789254188538, 0.6846263408660889, 0.6616876721382141, 0.659050703048706, 0.6654205322265625, 0.6773045063018799, 0.6093655824661255, 0.6529754400253296, 0.674537181854248, 0.6246621012687683, 0.6363874673843384, 0.6737420558929443, 0.6915727257728577, 0.6776427626609802, 0.6251994371414185, 0.7007787227630615, 0.6925237774848938, 0.6446858048439026, 0.6685169339179993, 0.6873202323913574, 0.6880842447280884, 0.608786940574646, 0.6540400981903076, 0.6973696351051331, 0.6326802968978882, 0.6615740060806274, 0.6921500563621521, 0.6441168785095215, 0.6455127000808716, 0.7021883726119995, 0.6745912432670593, 0.6836075782775879, 0.6536084413528442, 0.6360249519348145, 0.6519076228141785, 0.7064731121063232, 0.6323303580284119], "val_accuracy": [0.18753814697265625, 0.092926025390625, 0.0874888077378273, 0.7996953129768372, 0.8520939946174622, 0.8681462407112122, 0.8677978515625, 0.8956095576286316, 0.8957493901252747, 0.8913370966911316, 0.8892619013786316, 0.8991902470588684, 0.9068043828010559, 0.9073308110237122, 0.9081751704216003, 0.9088719487190247, 0.9093678593635559, 0.9109446406364441, 0.9129002690315247, 0.9148051142692566, 0.9148051142692566, 0.9148051142692566, 0.9148051142692566], "val_iou_score": [0.08135926723480225, 0.0860583558678627, 0.08613815903663635, 0.02774541638791561, 0.01410591509193182, 0.0002330008865101263, 0.00012494462134782225, 1.4864935948821767e-09, 1.4864000030812008e-09, 1.4351978494531181e-09, 1.0106085746031113e-08, 0.005562875885516405, 0.027037879452109337, 0.019059767946600914, 0.016327375546097755, 0.014975793659687042, 0.013823621906340122, 0.012113168835639954, 0.011312529444694519, 0.010615755803883076, 0.00869173277169466, 0.007963071577250957, 0.007561931386590004], "val_loss": [0.849755585193634, 0.8417757153511047, 0.8416407108306885, 0.9462544322013855, 0.9722445607185364, 0.9995344281196594, 0.9997503161430359, 1.0, 1.0, 1.0, 1.0, 0.9889416098594666, 0.9473717212677002, 0.9626004695892334, 0.967872679233551, 0.970491886138916, 0.972731351852417, 0.9760642051696777, 0.9776282906532288, 0.9789922833442688, 0.9827664494514465, 0.9841997623443604, 0.9849896430969238], "val_precision": [0.09311676025390625, 0.08585868775844574, 0.08539078384637833, 0.03255189582705498, 0.020830905064940453, 0.0007075599860399961, 0.0003784192958846688, 0.0, 0.0, 0.0, 0.0, 0.0, 0.0, 0.0, 0.0, 0.0, 0.0, 0.0, 0.0, 0.0, 0.0, 0.0, 0.0], "val_recall": [0.9768059849739075, 1.0, 1.0, 0.0470447763800621, 0.01600000075995922, 0.0003880597068928182, 0.00020895522902719676, 0.0, 0.0, 0.0, 0.0, 0.0, 0.0, 0.0, 0.0, 0.0, 0.0, 0.0, 0.0, 0.0, 0.0, 0.0, 0.0], "learning_rate": [0.0010000000474974513, 0.0010000000474974513, 0.0010000000474974513, 0.0010000000474974513, 0.0010000000474974513, 0.0010000000474974513, 0.0010000000474974513, 0.0010000000474974513, 0.0010000000474974513, 0.0010000000474974513, 0.0010000000474974513, 0.0010000000474974513, 0.0010000000474974513, 0.0010000000474974513, 0.0010000000474974513, 0.00010000000474974513, 0.00010000000474974513, 0.00010000000474974513, 0.00010000000474974513, 0.00010000000474974513, 0.00010000000474974513, 0.00010000000474974513, 0.00010000000474974513, 0.00010000000474974513, 0.00010000000474974513, 1.0000000656873453e-05, 1.0000000656873453e-05, 1.0000000656873453e-05, 1.0000000656873453e-05, 1.0000000656873453e-05, 1.0000000656873453e-05, 1.0000000656873453e-05, 1.0000000656873453e-05, 1.0000000656873453e-05, 1.0000000656873453e-05, 1.0000001111620804e-06, 1.0000001111620804e-06, 1.0000001111620804e-06, 1.0000001111620804e-06, 1.0000001111620804e-06, 1.0000001111620804e-06, 1.0000001111620804e-06, 1.0000001111620804e-06, 1.0000001111620804e-06, 1.0000001111620804e-06]}