{"accuracy": [0.0947519913315773, 0.08685048669576645, 0.08361053466796875, 0.08591970056295395, 0.0883738175034523, 0.102447509765625, 0.09011077880859375, 0.0873616561293602, 0.0866546630859375, 0.09198252111673355, 0.08827972412109375, 0.08406829833984375, 0.08487192541360855, 0.091949462890625, 0.085205078125, 0.09411367028951645, 0.08144887536764145, 0.090728759765625, 0.086822509765625, 0.08661651611328125, 0.10552978515625, 0.09674835205078125, 0.08529917150735855, 0.0831146240234375, 0.08762359619140625, 0.08984120935201645, 0.08428192138671875, 0.0911356583237648, 0.0861002579331398, 0.08831024169921875, 0.09648895263671875, 0.0839385986328125, 0.08056640625, 0.09322357177734375, 0.0901997908949852, 0.0738983154296875, 0.089813232421875, 0.08479563146829605, 0.09357452392578125, 0.0961761474609375, 0.082489013671875], "iou_score": [0.0947519913315773, 0.08685048669576645, 0.08361053466796875, 0.08591970056295395, 0.0883738175034523, 0.102447509765625, 0.09011077880859375, 0.0873616561293602, 0.0866546630859375, 0.09198252111673355, 0.08827972412109375, 0.08406829833984375, 0.08487192541360855, 0.091949462890625, 0.085205078125, 0.09411367028951645, 0.08144887536764145, 0.090728759765625, 0.086822509765625, 0.08661651611328125, 0.10552978515625, 0.09674835205078125, 0.08529917150735855, 0.0831146240234375, 0.08762359619140625, 0.08984120935201645, 0.08428192138671875, 0.0911356583237648, 0.0861002579331398, 0.08831024169921875, 0.09648895263671875, 0.0839385986328125, 0.08056640625, 0.09322357177734375, 0.0901997908949852, 0.0738983154296875, 0.089813232421875, 0.08479563146829605, 0.09357452392578125, 0.0961761474609375, 0.082489013671875], "loss": [0.8273065090179443, 0.8403096795082092, 0.8457255363464355, 0.8418877720832825, 0.8379287123680115, 0.8144078254699707, 0.8349528908729553, 0.8397193551063538, 0.8405408263206482, 0.8317103981971741, 0.838106095790863, 0.8449174761772156, 0.8437881469726562, 0.8318507075309753, 0.8429781198501587, 0.8285122513771057, 0.8494048714637756, 0.8336365222930908, 0.8405075073242188, 0.8406974673271179, 0.8092496395111084, 0.8239495158195496, 0.842994213104248, 0.8465358018875122, 0.8390603065490723, 0.8354889750480652, 0.8445574641227722, 0.8332242965698242, 0.8416991829872131, 0.8378517031669617, 0.824307382106781, 0.8452854156494141, 0.8509261012077332, 0.8296704292297363, 0.834847629070282, 0.8624368906021118, 0.83561110496521, 0.8437194228172302, 0.8293919563293457, 0.824963390827179, 0.8476449847221375], "precision": [0.0947519913315773, 0.08685048669576645, 0.08361053466796875, 0.08591970056295395, 0.0883738175034523, 0.102447509765625, 0.09011077880859375, 0.0873616561293602, 0.0866546630859375, 0.09198252111673355, 0.08827972412109375, 0.08406829833984375, 0.08487192541360855, 0.091949462890625, 0.085205078125, 0.09411367028951645, 0.08144887536764145, 0.090728759765625, 0.086822509765625, 0.08661651611328125, 0.10552978515625, 0.09674835205078125, 0.08529917150735855, 0.0831146240234375, 0.08762359619140625, 0.08984120935201645, 0.08428192138671875, 0.0911356583237648, 0.0861002579331398, 0.08831024169921875, 0.09648895263671875, 0.0839385986328125, 0.08056640625, 0.09322357177734375, 0.0901997908949852, 0.0738983154296875, 0.089813232421875, 0.08479563146829605, 0.09357452392578125, 0.0961761474609375, 0.082489013671875], "recall": [1.0, 1.0, 1.0, 1.0, 1.0, 1.0, 1.0, 1.0, 1.0, 1.0, 1.0, 1.0, 1.0, 1.0, 1.0, 1.0, 1.0, 1.0, 1.0, 1.0, 1.0, 1.0, 1.0, 1.0, 1.0, 1.0, 1.0, 1.0, 1.0, 1.0, 1.0, 1.0, 1.0, 1.0, 1.0, 1.0, 1.0, 1.0, 1.0, 1.0, 1.0], "val_accuracy": [0.0851949080824852, 0.0851949080824852, 0.0851949080824852, 0.0851949080824852, 0.0851949080824852, 0.0851949080824852, 0.0851949080824852, 0.0851949080824852, 0.0851949080824852, 0.0851949080824852, 0.0851949080824852, 0.0851949080824852, 0.0851949080824852, 0.0851949080824852, 0.0851949080824852, 0.0851949080824852, 0.0851949080824852, 0.0851949080824852, 0.0851949080824852, 0.0851949080824852, 0.0851949080824852], "val_iou_score": [0.0851949080824852, 0.0851949080824852, 0.0851949080824852, 0.0851949080824852, 0.0851949080824852, 0.0851949080824852, 0.0851949080824852, 0.0851949080824852, 0.0851949080824852, 0.0851949080824852, 0.0851949080824852, 0.0851949080824852, 0.0851949080824852, 0.0851949080824852, 0.0851949080824852, 0.0851949080824852, 0.0851949080824852, 0.0851949080824852, 0.0851949080824852, 0.0851949080824852, 0.0851949080824852], "val_loss": [0.8432364463806152, 0.8432364463806152, 0.8432364463806152, 0.8432364463806152, 0.8432364463806152, 0.84323650598526, 0.8432364463806152, 0.84323650598526, 0.8432364463806152, 0.8432364463806152, 0.84323650598526, 0.8432364463806152, 0.8432364463806152, 0.84323650598526, 0.8432364463806152, 0.8432364463806152, 0.8432364463806152, 0.84323650598526, 0.84323650598526, 0.8432364463806152, 0.8432364463806152], "val_precision": [0.0851949080824852, 0.0851949080824852, 0.0851949080824852, 0.0851949080824852, 0.0851949080824852, 0.0851949080824852, 0.0851949080824852, 0.0851949080824852, 0.0851949080824852, 0.0851949080824852, 0.0851949080824852, 0.0851949080824852, 0.0851949080824852, 0.0851949080824852, 0.0851949080824852, 0.0851949080824852, 0.0851949080824852, 0.0851949080824852, 0.0851949080824852, 0.0851949080824852, 0.0851949080824852], "val_recall": [1.0, 1.0, 1.0, 1.0, 1.0, 1.0, 1.0, 1.0, 1.0, 1.0, 1.0, 1.0, 1.0, 1.0, 1.0, 1.0, 1.0, 1.0, 1.0, 1.0, 1.0], "learning_rate": [0.0010000000474974513, 0.0010000000474974513, 0.0010000000474974513, 0.0010000000474974513, 0.0010000000474974513, 0.0010000000474974513, 0.0010000000474974513, 0.0010000000474974513, 0.0010000000474974513, 0.0010000000474974513, 0.0010000000474974513, 0.00010000000474974513, 0.00010000000474974513, 0.00010000000474974513, 0.00010000000474974513, 0.00010000000474974513, 0.00010000000474974513, 0.00010000000474974513, 0.00010000000474974513, 0.00010000000474974513, 0.00010000000474974513, 1.0000000656873453e-05, 1.0000000656873453e-05, 1.0000000656873453e-05, 1.0000000656873453e-05, 1.0000000656873453e-05, 1.0000000656873453e-05, 1.0000000656873453e-05, 1.0000000656873453e-05, 1.0000000656873453e-05, 1.0000000656873453e-05, 1.0000001111620804e-06, 1.0000001111620804e-06, 1.0000001111620804e-06, 1.0000001111620804e-06, 1.0000001111620804e-06, 1.0000001111620804e-06, 1.0000001111620804e-06, 1.0000001111620804e-06, 1.0000001111620804e-06, 1.0000001111620804e-06]}