{"accuracy": [0.0907389298081398, 0.0874582901597023, 0.07727813720703125, 0.0929768905043602, 0.0836537703871727, 0.09201812744140625, 0.08736419677734375, 0.08490244299173355, 0.09929656982421875, 0.0897369384765625, 0.0906575545668602, 0.087005615234375, 0.08974456787109375, 0.09444936364889145, 0.0718231201171875, 0.08718618005514145, 0.08423105627298355, 0.10654449462890625, 0.0902303084731102, 0.083984375, 0.092742919921875, 0.0840352401137352, 0.08673095703125, 0.10327911376953125, 0.0929616317152977, 0.0843505859375, 0.08356475830078125, 0.08808135986328125, 0.08980051428079605, 0.08477783203125, 0.0901590958237648, 0.09032440185546875, 0.08124542236328125, 0.0831095352768898, 0.0935160294175148, 0.08673858642578125, 0.09285736083984375, 0.08901214599609375, 0.07494354248046875, 0.08749135583639145, 0.0922190323472023], "iou_score": [0.0907389223575592, 0.0874582827091217, 0.051518749445676804, 0.092976875603199, 0.0836537554860115, 0.061345409601926804, 0.08736418932676315, 0.08490243554115295, 0.0661977007985115, 0.0897369310259819, 0.090657539665699, 0.058003734797239304, 0.08974456042051315, 0.09444934874773026, 0.047882068902254105, 0.08718616515398026, 0.08423104882240295, 0.0710296556353569, 0.090230293571949, 0.0839843675494194, 0.061828602105379105, 0.084035225212574, 0.0867309495806694, 0.0688527300953865, 0.0929616168141365, 0.0843505784869194, 0.0557098351418972, 0.08808135241270065, 0.08980050683021545, 0.056518543511629105, 0.0901590883731842, 0.09032439440488815, 0.054163604974746704, 0.0831095278263092, 0.0935160219669342, 0.057825714349746704, 0.09285735338926315, 0.08901213854551315, 0.049962352961301804, 0.08749134093523026, 0.0922190248966217], "loss": [0.8338963389396667, 0.8393818736076355, 0.8565328121185303, 0.830075740814209, 0.8458160758018494, 0.8319293260574341, 0.8397228717803955, 0.84364253282547, 0.8195421695709229, 0.8353530764579773, 0.8342291712760925, 0.8399187922477722, 0.8353490233421326, 0.82774418592453, 0.8660006523132324, 0.839897632598877, 0.8446757197380066, 0.8075097799301147, 0.834686279296875, 0.8453275561332703, 0.8303202390670776, 0.8451008200645447, 0.8405916094779968, 0.8130205869674683, 0.8302104473114014, 0.8444574475288391, 0.8461475372314453, 0.8383615612983704, 0.83548903465271, 0.8437002897262573, 0.8350129723548889, 0.8345039486885071, 0.8497707843780518, 0.846587598323822, 0.8295596241950989, 0.8403699398040771, 0.8304420113563538, 0.8366930484771729, 0.8605807423591614, 0.8392992615699768, 0.8315009474754333], "precision": [0.0907389298081398, 0.0874582901597023, 0.07727813720703125, 0.0929768905043602, 0.0836537703871727, 0.09201812744140625, 0.08736419677734375, 0.08490244299173355, 0.09929656982421875, 0.0897369384765625, 0.0906575545668602, 0.087005615234375, 0.08974456787109375, 0.09444936364889145, 0.0718231201171875, 0.08718618005514145, 0.08423105627298355, 0.10654449462890625, 0.0902303084731102, 0.083984375, 0.092742919921875, 0.0840352401137352, 0.08673095703125, 0.10327911376953125, 0.0929616317152977, 0.0843505859375, 0.08356475830078125, 0.08808135986328125, 0.08980051428079605, 0.08477783203125, 0.0901590958237648, 0.09032440185546875, 0.08124542236328125, 0.0831095352768898, 0.0935160294175148, 0.08673858642578125, 0.09285736083984375, 0.08901214599609375, 0.07494354248046875, 0.08749135583639145, 0.0922190323472023], "recall": [1.0, 1.0, 1.0, 1.0, 1.0, 1.0, 1.0, 1.0, 1.0, 1.0, 1.0, 1.0, 1.0, 1.0, 1.0, 1.0, 1.0, 1.0, 1.0, 1.0, 1.0, 1.0, 1.0, 1.0, 1.0, 1.0, 1.0, 1.0, 1.0, 1.0, 1.0, 1.0, 1.0, 1.0, 1.0, 1.0, 1.0, 1.0, 1.0, 1.0, 1.0], "val_accuracy": [0.0851949080824852, 0.0851949080824852, 0.0851949080824852, 0.0851949080824852, 0.0851949080824852, 0.0851949080824852, 0.0851949080824852, 0.0851949080824852, 0.0851949080824852, 0.0851949080824852, 0.0851949080824852, 0.0851949080824852, 0.0851949080824852, 0.0851949080824852, 0.0851949080824852, 0.0851949080824852, 0.0851949080824852, 0.0851949080824852, 0.0851949080824852, 0.0851949080824852, 0.0851949080824852], "val_iou_score": [0.085194893181324, 0.085194893181324, 0.085194893181324, 0.085194893181324, 0.085194893181324, 0.085194893181324, 0.085194893181324, 0.085194893181324, 0.085194893181324, 0.085194893181324, 0.085194893181324, 0.085194893181324, 0.085194893181324, 0.085194893181324, 0.085194893181324, 0.085194893181324, 0.085194893181324, 0.085194893181324, 0.085194893181324, 0.085194893181324, 0.085194893181324], "val_loss": [0.8432364463806152, 0.8432364463806152, 0.84323650598526, 0.8432364463806152, 0.8432364463806152, 0.84323650598526, 0.84323650598526, 0.8432364463806152, 0.84323650598526, 0.84323650598526, 0.84323650598526, 0.8432364463806152, 0.84323650598526, 0.84323650598526, 0.84323650598526, 0.8432364463806152, 0.84323650598526, 0.84323650598526, 0.84323650598526, 0.84323650598526, 0.8432364463806152], "val_precision": [0.0851949080824852, 0.0851949080824852, 0.0851949080824852, 0.0851949080824852, 0.0851949080824852, 0.0851949080824852, 0.0851949080824852, 0.0851949080824852, 0.0851949080824852, 0.0851949080824852, 0.0851949080824852, 0.0851949080824852, 0.0851949080824852, 0.0851949080824852, 0.0851949080824852, 0.0851949080824852, 0.0851949080824852, 0.0851949080824852, 0.0851949080824852, 0.0851949080824852, 0.0851949080824852], "val_recall": [1.0, 1.0, 1.0, 1.0, 1.0, 1.0, 1.0, 1.0, 1.0, 1.0, 1.0, 1.0, 1.0, 1.0, 1.0, 1.0, 1.0, 1.0, 1.0, 1.0, 1.0], "learning_rate": [0.0010000000474974513, 0.0010000000474974513, 0.0010000000474974513, 0.0010000000474974513, 0.0010000000474974513, 0.0010000000474974513, 0.0010000000474974513, 0.0010000000474974513, 0.0010000000474974513, 0.0010000000474974513, 0.0010000000474974513, 0.00010000000474974513, 0.00010000000474974513, 0.00010000000474974513, 0.00010000000474974513, 0.00010000000474974513, 0.00010000000474974513, 0.00010000000474974513, 0.00010000000474974513, 0.00010000000474974513, 0.00010000000474974513, 1.0000000656873453e-05, 1.0000000656873453e-05, 1.0000000656873453e-05, 1.0000000656873453e-05, 1.0000000656873453e-05, 1.0000000656873453e-05, 1.0000000656873453e-05, 1.0000000656873453e-05, 1.0000000656873453e-05, 1.0000000656873453e-05, 1.0000001111620804e-06, 1.0000001111620804e-06, 1.0000001111620804e-06, 1.0000001111620804e-06, 1.0000001111620804e-06, 1.0000001111620804e-06, 1.0000001111620804e-06, 1.0000001111620804e-06, 1.0000001111620804e-06, 1.0000001111620804e-06]}