{"accuracy": [0.0863596573472023, 0.08476003259420395, 0.0954742431640625, 0.0813700333237648, 0.0907135009765625, 0.09258270263671875, 0.0876566544175148, 0.08559926599264145, 0.0890655517578125, 0.08739980310201645, 0.0873972550034523, 0.084442138671875, 0.0841318741440773, 0.0860087051987648, 0.09841156005859375, 0.08477783203125, 0.0848948135972023, 0.09981536865234375, 0.08772531896829605, 0.08435821533203125, 0.09258270263671875, 0.08769480139017105, 0.08585357666015625, 0.08818817138671875, 0.0861714705824852, 0.0839691162109375, 0.09841156005859375, 0.082305908203125, 0.0890401229262352, 0.09479522705078125, 0.0918680801987648, 0.08552297204732895, 0.07666015625, 0.08527374267578125, 0.0873209610581398, 0.0910491943359375, 0.08726755529642105, 0.08518727868795395, 0.09146881103515625, 0.0795644149184227, 0.0908660888671875, 0.09754180908203125, 0.08558908849954605, 0.0845489501953125, 0.098419189453125], "iou_score": [0.0863596573472023, 0.08476003259420395, 0.0954742431640625, 0.0813700333237648, 0.0907135009765625, 0.09258270263671875, 0.0876566544175148, 0.08559926599264145, 0.0890655517578125, 0.08739980310201645, 0.0873972550034523, 0.084442138671875, 0.0841318741440773, 0.0860087051987648, 0.09841156005859375, 0.08477783203125, 0.0848948135972023, 0.09981536865234375, 0.08772531896829605, 0.08435821533203125, 0.09258270263671875, 0.08769480139017105, 0.08585357666015625, 0.08818817138671875, 0.0861714705824852, 0.0839691162109375, 0.09841156005859375, 0.082305908203125, 0.0890401229262352, 0.09479522705078125, 0.0918680801987648, 0.08552297204732895, 0.07666015625, 0.08527374267578125, 0.0873209610581398, 0.0910491943359375, 0.08726755529642105, 0.08518727868795395, 0.09146881103515625, 0.0795644149184227, 0.0908660888671875, 0.09754180908203125, 0.08558908849954605, 0.0845489501953125, 0.098419189453125], "loss": [0.8413117527961731, 0.8437585234642029, 0.8263314962387085, 0.8496609330177307, 0.8338690400123596, 0.8309520483016968, 0.8390552401542664, 0.8426454663276672, 0.8364402055740356, 0.8395516872406006, 0.8395392894744873, 0.8442691564559937, 0.8449658751487732, 0.841789722442627, 0.8212755918502808, 0.8439498543739319, 0.8436047434806824, 0.8188785314559937, 0.8389630317687988, 0.8445670008659363, 0.8309520483016968, 0.8390231132507324, 0.8421822190284729, 0.8379261493682861, 0.8416426777839661, 0.8451128602027893, 0.8212755918502808, 0.8481842875480652, 0.8367121815681458, 0.8268529176712036, 0.8321434855461121, 0.8425037264823914, 0.8576008081436157, 0.8431034088134766, 0.8396787047386169, 0.8331959843635559, 0.8396328091621399, 0.8431093692779541, 0.8333156108856201, 0.8526893258094788, 0.8336707949638367, 0.8224620819091797, 0.8426880836486816, 0.8441672325134277, 0.8209761381149292], "precision": [0.0863596573472023, 0.08476003259420395, 0.0954742431640625, 0.0813700333237648, 0.0907135009765625, 0.09258270263671875, 0.0876566544175148, 0.08559926599264145, 0.0890655517578125, 0.08739980310201645, 0.0873972550034523, 0.084442138671875, 0.0841318741440773, 0.0860087051987648, 0.09841156005859375, 0.08477783203125, 0.0848948135972023, 0.09981536865234375, 0.08772531896829605, 0.08435821533203125, 0.09258270263671875, 0.08769480139017105, 0.08585357666015625, 0.08818817138671875, 0.0861714705824852, 0.0839691162109375, 0.09841156005859375, 0.082305908203125, 0.0890401229262352, 0.09479522705078125, 0.0918680801987648, 0.08552297204732895, 0.07666015625, 0.08527374267578125, 0.0873209610581398, 0.0910491943359375, 0.08726755529642105, 0.08518727868795395, 0.09146881103515625, 0.0795644149184227, 0.0908660888671875, 0.09754180908203125, 0.08558908849954605, 0.0845489501953125, 0.098419189453125], "recall": [1.0, 1.0, 1.0, 1.0, 1.0, 1.0, 1.0, 1.0, 1.0, 1.0, 1.0, 1.0, 1.0, 1.0, 1.0, 1.0, 1.0, 1.0, 1.0, 1.0, 1.0, 1.0, 1.0, 1.0, 1.0, 1.0, 1.0, 1.0, 1.0, 1.0, 1.0, 1.0, 1.0, 1.0, 1.0, 1.0, 1.0, 1.0, 1.0, 1.0, 1.0, 1.0, 1.0, 1.0, 1.0], "val_accuracy": [0.0851949080824852, 0.0851949080824852, 0.0851949080824852, 0.0851949080824852, 0.0851949080824852, 0.0851949080824852, 0.0851949080824852, 0.0851949080824852, 0.0851949080824852, 0.0851949080824852, 0.0851949080824852, 0.0851949080824852, 0.0851949080824852, 0.0851949080824852, 0.0851949080824852, 0.0851949080824852, 0.0851949080824852, 0.0851949080824852, 0.0851949080824852, 0.0851949080824852, 0.0851949080824852, 0.0851949080824852, 0.0851949080824852], "val_iou_score": [0.0851949080824852, 0.0851949080824852, 0.0851949080824852, 0.0851949080824852, 0.0851949080824852, 0.0851949080824852, 0.0851949080824852, 0.0851949080824852, 0.0851949080824852, 0.0851949080824852, 0.0851949080824852, 0.0851949080824852, 0.0851949080824852, 0.0851949080824852, 0.0851949080824852, 0.0851949080824852, 0.0851949080824852, 0.0851949080824852, 0.0851949080824852, 0.0851949080824852, 0.0851949080824852, 0.0851949080824852, 0.0851949080824852], "val_loss": [0.84323650598526, 0.84323650598526, 0.8432364463806152, 0.84323650598526, 0.8432364463806152, 0.8432364463806152, 0.8432364463806152, 0.8432364463806152, 0.8432364463806152, 0.8432364463806152, 0.8432364463806152, 0.84323650598526, 0.84323650598526, 0.84323650598526, 0.8432364463806152, 0.84323650598526, 0.84323650598526, 0.8432364463806152, 0.84323650598526, 0.8432364463806152, 0.8432364463806152, 0.84323650598526, 0.8432364463806152], "val_precision": [0.0851949080824852, 0.0851949080824852, 0.0851949080824852, 0.0851949080824852, 0.0851949080824852, 0.0851949080824852, 0.0851949080824852, 0.0851949080824852, 0.0851949080824852, 0.0851949080824852, 0.0851949080824852, 0.0851949080824852, 0.0851949080824852, 0.0851949080824852, 0.0851949080824852, 0.0851949080824852, 0.0851949080824852, 0.0851949080824852, 0.0851949080824852, 0.0851949080824852, 0.0851949080824852, 0.0851949080824852, 0.0851949080824852], "val_recall": [1.0, 1.0, 1.0, 1.0, 1.0, 1.0, 1.0, 1.0, 1.0, 1.0, 1.0, 1.0, 1.0, 1.0, 1.0, 1.0, 1.0, 1.0, 1.0, 1.0, 1.0, 1.0, 1.0], "learning_rate": [0.0010000000474974513, 0.0010000000474974513, 0.0010000000474974513, 0.0010000000474974513, 0.0010000000474974513, 0.0010000000474974513, 0.0010000000474974513, 0.0010000000474974513, 0.0010000000474974513, 0.0010000000474974513, 0.0010000000474974513, 0.00010000000474974513, 0.00010000000474974513, 0.00010000000474974513, 0.00010000000474974513, 0.00010000000474974513, 0.00010000000474974513, 0.00010000000474974513, 0.00010000000474974513, 0.00010000000474974513, 0.00010000000474974513, 1.0000000656873453e-05, 1.0000000656873453e-05, 1.0000000656873453e-05, 1.0000000656873453e-05, 1.0000000656873453e-05, 1.0000000656873453e-05, 1.0000000656873453e-05, 1.0000000656873453e-05, 1.0000000656873453e-05, 1.0000000656873453e-05, 1.0000001111620804e-06, 1.0000001111620804e-06, 1.0000001111620804e-06, 1.0000001111620804e-06, 1.0000001111620804e-06, 1.0000001111620804e-06, 1.0000001111620804e-06, 1.0000001111620804e-06, 1.0000001111620804e-06, 1.0000001111620804e-06, 1.000000082740371e-07, 1.000000082740371e-07, 1.000000082740371e-07, 1.000000082740371e-07]}