{"accuracy": [0.8010380864143372, 0.6776682734489441, 0.713531494140625, 0.7690175175666809, 0.8241602778434753, 0.8375320434570312, 0.8638026118278503, 0.8912379145622253, 0.900634765625, 0.9191487431526184, 0.9258804321289062, 0.92755126953125, 0.9373779296875, 0.9416911005973816, 0.9430999755859375, 0.9429423213005066, 0.9525019526481628, 0.9535446166992188, 0.9534098505973816, 0.9480794072151184, 0.9579849243164062, 0.9537124633789062, 0.9572957158088684, 0.9438552856445312, 0.9527130126953125, 0.9584833979606628, 0.95458984375, 0.959259033203125, 0.9554951786994934, 0.9447479248046875, 0.9537913203239441, 0.9580866694450378, 0.9545822143554688, 0.9535090327262878, 0.9552001953125, 0.965087890625, 0.9550094604492188, 0.9574203491210938, 0.9548873901367188, 0.9605865478515625, 0.9512990117073059, 0.9574127197265625, 0.9577560424804688, 0.9520899653434753, 0.963531494140625, 0.9575780034065247, 0.9565379023551941, 0.9507980346679688, 0.9551365971565247], "iou_score": [0.1061158999800682, 0.13886506855487823, 0.16655804216861725, 0.1850641369819641, 0.21018503606319427, 0.23330387473106384, 0.2672009766101837, 0.28857290744781494, 0.34474384784698486, 0.35663917660713196, 0.3853694200515747, 0.4245940148830414, 0.4273575246334076, 0.47182580828666687, 0.4761294722557068, 0.4874194860458374, 0.5032616257667542, 0.520136833190918, 0.5270208120346069, 0.5196020007133484, 0.5326976180076599, 0.5463421940803528, 0.548417329788208, 0.48747897148132324, 0.5251234173774719, 0.5562780499458313, 0.5637338161468506, 0.5559133291244507, 0.5590324997901917, 0.4983813464641571, 0.5463062524795532, 0.5529432892799377, 0.5631304979324341, 0.5375363826751709, 0.558305561542511, 0.5777902603149414, 0.5440496206283569, 0.5634406208992004, 0.5462741851806641, 0.5613319277763367, 0.5429062843322754, 0.5586047172546387, 0.563382089138031, 0.5369985699653625, 0.5704805850982666, 0.5611026883125305, 0.5538139343261719, 0.5271369814872742, 0.5567732453346252], "loss": [0.8095223307609558, 0.756513774394989, 0.7145042419433594, 0.688201904296875, 0.652909517288208, 0.6218054890632629, 0.5784509778022766, 0.5526056885719299, 0.4879445433616638, 0.4744563400745392, 0.44455793499946594, 0.40393805503845215, 0.40191450715065, 0.3589507043361664, 0.354920357465744, 0.34545406699180603, 0.3305492103099823, 0.3160216212272644, 0.309831827878952, 0.31692957878112793, 0.30496272444725037, 0.29350653290748596, 0.29176247119903564, 0.3454284965991974, 0.3120201826095581, 0.28525134921073914, 0.2790549397468567, 0.2855677306652069, 0.2829691171646118, 0.3354036211967468, 0.2942107617855072, 0.28806182742118835, 0.2796395421028137, 0.30145278573036194, 0.2835838496685028, 0.26759955286979675, 0.29608413577079773, 0.27935996651649475, 0.29349130392074585, 0.28106823563575745, 0.2970041036605835, 0.28347140550613403, 0.2794650197029114, 0.3018241822719574, 0.273566335439682, 0.2813049852848053, 0.2872571647167206, 0.3115268051624298, 0.28485050797462463], "precision": [0.16631503403186798, 0.16154921054840088, 0.19117511808872223, 0.23401764035224915, 0.274258553981781, 0.3206486701965332, 0.3577377200126648, 0.4070793390274048, 0.50544673204422, 0.5026664137840271, 0.5770279169082642, 0.6055085062980652, 0.5995433926582336, 0.6823079586029053, 0.6797101497650146, 0.7061667442321777, 0.7102243900299072, 0.7344023585319519, 0.7312657237052917, 0.7534121870994568, 0.6912745237350464, 0.7787835597991943, 0.7289897203445435, 0.7215166091918945, 0.7380869388580322, 0.7766473889350891, 0.8435229063034058, 0.7517247796058655, 0.7911273837089539, 0.7208521962165833, 0.7782548666000366, 0.7354248762130737, 0.7959257960319519, 0.7504323720932007, 0.7866838574409485, 0.7321551442146301, 0.7538655996322632, 0.781156063079834, 0.7532358765602112, 0.7484525442123413, 0.7894430756568909, 0.750164270401001, 0.7759248614311218, 0.772868275642395, 0.7197085618972778, 0.7691048383712769, 0.7659295201301575, 0.7626160979270935, 0.7934846878051758], "recall": [0.3044441342353821, 0.6562333703041077, 0.7681750655174255, 0.674139142036438, 0.725460946559906, 0.6381489038467407, 0.7184354662895203, 0.6912760138511658, 0.6602331399917603, 0.7179111242294312, 0.6534386873245239, 0.6827702522277832, 0.6967474222183228, 0.6824970245361328, 0.6829707026481628, 0.6746535301208496, 0.6992375254631042, 0.6924768686294556, 0.7083069682121277, 0.6682574152946472, 0.7620497941970825, 0.6942272186279297, 0.7435181140899658, 0.6383541226387024, 0.691567599773407, 0.7131535410881042, 0.6674844622612, 0.7352913022041321, 0.7005038261413574, 0.6563480496406555, 0.6911707520484924, 0.7424715161323547, 0.7023513317108154, 0.6976322531700134, 0.70594722032547, 0.8013970851898193, 0.7064418792724609, 0.7189130187034607, 0.7125616669654846, 0.7490836977958679, 0.6775100231170654, 0.7324292063713074, 0.7227861881256104, 0.6802835464477539, 0.8017941117286682, 0.7232190370559692, 0.7182119488716125, 0.6673370003700256, 0.6972882747650146], "val_accuracy": [0.10294850915670395, 0.0856984481215477, 0.10727691650390625, 0.2036539763212204, 0.48622384667396545, 0.8692194819450378, 0.9148051142692566, 0.9148051142692566, 0.9148051142692566, 0.9148051142692566, 0.9148051142692566, 0.9148051142692566, 0.9148051142692566, 0.9148051142692566, 0.9148051142692566, 0.9148051142692566, 0.9148051142692566, 0.9148051142692566, 0.9148051142692566, 0.9148051142692566, 0.9148051142692566, 0.9148051142692566, 0.9148051142692566, 0.9148051142692566, 0.9148051142692566], "val_iou_score": [0.08798383921384811, 0.08541906625032425, 0.0876900851726532, 0.09368306398391724, 0.09453603625297546, 0.026440346613526344, 0.05563674867153168, 0.06732576340436935, 0.0614737868309021, 0.061940278857946396, 0.04425444081425667, 0.020884230732917786, 0.010945758782327175, 0.008505997247993946, 0.006992345675826073, 0.006149951368570328, 0.005522882100194693, 0.004846090450882912, 0.00455592991784215, 0.004362091422080994, 0.004055353347212076, 0.0038635730743408203, 0.0036106968764215708, 0.003240802325308323, 0.0030322822276502848], "val_loss": [0.8385294079780579, 0.8428570628166199, 0.839020311832428, 0.8289585113525391, 0.8277713656425476, 0.9486117362976074, 0.8947671055793762, 0.8739905953407288, 0.8842431902885437, 0.8834395408630371, 0.9152858257293701, 0.9590910077095032, 0.9783462882041931, 0.9831317067146301, 0.9861124157905579, 0.9877753257751465, 0.9890149235725403, 0.9903545379638672, 0.9909295439720154, 0.991313636302948, 0.9919220805168152, 0.9923025965690613, 0.9928045272827148, 0.9935393333435059, 0.9939537048339844], "val_precision": [0.08673475682735443, 0.08523782342672348, 0.08711866289377213, 0.09555807709693909, 0.10600513219833374, 0.00016730801144149154, 0.0, 0.0, 0.0, 0.0, 0.0, 0.0, 0.0, 0.0, 0.0, 0.0, 0.0, 0.0, 0.0, 0.0, 0.0, 0.0, 0.0, 0.0, 0.0], "val_recall": [1.0, 1.0, 1.0, 0.9861193895339966, 0.6767462491989136, 8.955223893281072e-05, 0.0, 0.0, 0.0, 0.0, 0.0, 0.0, 0.0, 0.0, 0.0, 0.0, 0.0, 0.0, 0.0, 0.0, 0.0, 0.0, 0.0, 0.0, 0.0],