{"accuracy": [0.0892690047621727, 0.08636220544576645, 0.0984954833984375, 0.08845774084329605, 0.09068044275045395, 0.08282470703125, 0.0937601700425148, 0.0852406844496727, 0.07987213134765625, 0.0919342041015625, 0.08764902502298355, 0.0795135498046875, 0.0857442244887352, 0.0930379256606102, 0.0847320556640625, 0.09106699377298355, 0.0827789306640625, 0.1021270751953125, 0.09082794189453125, 0.09300994873046875, 0.0782318115234375, 0.0904897078871727, 0.0841064453125, 0.08931732177734375, 0.09652964025735855, 0.08411916345357895, 0.08344268798828125, 0.09508005529642105, 0.08559926599264145, 0.075286865234375, 0.10040537267923355, 0.0816904678940773, 0.07967376708984375, 0.08398691564798355, 0.09834543615579605, 0.0841827392578125, 0.0906422957777977, 0.08115895837545395, 0.10321807861328125, 0.0902252197265625, 0.08814748376607895], "iou_score": [0.0892689898610115, 0.08636219054460526, 0.065663643181324, 0.08845773339271545, 0.09068042784929276, 0.055216461420059204, 0.0937601625919342, 0.0852406695485115, 0.053248077630996704, 0.0919341966509819, 0.08764901757240295, 0.053009022027254105, 0.085744209587574, 0.093037910759449, 0.056488025933504105, 0.09106698632240295, 0.0827789232134819, 0.0680847093462944, 0.09082793444395065, 0.09300994127988815, 0.052154529839754105, 0.0904896929860115, 0.0841064378619194, 0.059544872492551804, 0.09652963280677795, 0.08411914855241776, 0.055628448724746704, 0.09508004784584045, 0.08559925109148026, 0.050191234797239304, 0.10040536522865295, 0.0816904604434967, 0.053115833550691605, 0.08398690819740295, 0.09834542870521545, 0.056121814996004105, 0.0906422808766365, 0.08115894347429276, 0.0688120424747467, 0.0902252122759819, 0.08814746886491776], "loss": [0.8362204432487488, 0.84120112657547, 0.8213191628456116, 0.8375122547149658, 0.8341347575187683, 0.8471171855926514, 0.828831136226654, 0.8430967330932617, 0.8520962595939636, 0.8319827914237976, 0.8389019966125488, 0.8529103994369507, 0.8421353697776794, 0.8302722573280334, 0.8437756896018982, 0.8332778811454773, 0.8472952246665955, 0.8150953054428101, 0.8336967825889587, 0.8300103545188904, 0.8550375699996948, 0.8342620730400085, 0.8452127575874329, 0.8360171318054199, 0.8241981863975525, 0.8449823260307312, 0.8460549116134644, 0.8265379071235657, 0.8426010608673096, 0.8599696159362793, 0.8178418278694153, 0.8490469455718994, 0.8524441719055176, 0.8452149033546448, 0.8211591243743896, 0.8448399305343628, 0.8340332508087158, 0.849952757358551, 0.8131197690963745, 0.8347668647766113, 0.8381875157356262], "precision": [0.0892690047621727, 0.08636220544576645, 0.0984954833984375, 0.08845774084329605, 0.09068044275045395, 0.08282470703125, 0.0937601700425148, 0.0852406844496727, 0.07987213134765625, 0.0919342041015625, 0.08764902502298355, 0.0795135498046875, 0.0857442244887352, 0.0930379256606102, 0.0847320556640625, 0.09106699377298355, 0.0827789306640625, 0.1021270751953125, 0.09082794189453125, 0.09300994873046875, 0.0782318115234375, 0.0904897078871727, 0.0841064453125, 0.08931732177734375, 0.09652964025735855, 0.08411916345357895, 0.08344268798828125, 0.09508005529642105, 0.08559926599264145, 0.075286865234375, 0.10040537267923355, 0.0816904678940773, 0.07967376708984375, 0.08398691564798355, 0.09834543615579605, 0.0841827392578125, 0.0906422957777977, 0.08115895837545395, 0.10321807861328125, 0.0902252197265625, 0.08814748376607895], "recall": [1.0, 1.0, 1.0, 1.0, 1.0, 1.0, 1.0, 1.0, 1.0, 1.0, 1.0, 1.0, 1.0, 1.0, 1.0, 1.0, 1.0, 1.0, 1.0, 1.0, 1.0, 1.0, 1.0, 1.0, 1.0, 1.0, 1.0, 1.0, 1.0, 1.0, 1.0, 1.0, 1.0, 1.0, 1.0, 1.0, 1.0, 1.0, 1.0, 1.0, 1.0], "val_accuracy": [0.0851949080824852, 0.0851949080824852, 0.0851949080824852, 0.0851949080824852, 0.0851949080824852, 0.0851949080824852, 0.0851949080824852, 0.0851949080824852, 0.0851949080824852, 0.0851949080824852, 0.0851949080824852, 0.0851949080824852, 0.0851949080824852, 0.0851949080824852, 0.0851949080824852, 0.0851949080824852, 0.0851949080824852, 0.0851949080824852, 0.0851949080824852, 0.0851949080824852, 0.0851949080824852], "val_iou_score": [0.085194893181324, 0.085194893181324, 0.085194893181324, 0.085194893181324, 0.085194893181324, 0.085194893181324, 0.085194893181324, 0.085194893181324, 0.085194893181324, 0.085194893181324, 0.085194893181324, 0.085194893181324, 0.085194893181324, 0.085194893181324, 0.085194893181324, 0.085194893181324, 0.085194893181324, 0.085194893181324, 0.085194893181324, 0.085194893181324, 0.085194893181324], "val_loss": [0.8432364463806152, 0.8432364463806152, 0.84323650598526, 0.84323650598526, 0.84323650598526, 0.84323650598526, 0.84323650598526, 0.8432364463806152, 0.84323650598526, 0.8432364463806152, 0.84323650598526, 0.8432364463806152, 0.84323650598526, 0.84323650598526, 0.8432364463806152, 0.8432364463806152, 0.84323650598526, 0.84323650598526, 0.8432364463806152, 0.84323650598526, 0.84323650598526], "val_precision": [0.0851949080824852, 0.0851949080824852, 0.0851949080824852, 0.0851949080824852, 0.0851949080824852, 0.0851949080824852, 0.0851949080824852, 0.0851949080824852, 0.0851949080824852, 0.0851949080824852, 0.0851949080824852, 0.0851949080824852, 0.0851949080824852, 0.0851949080824852, 0.0851949080824852, 0.0851949080824852, 0.0851949080824852, 0.0851949080824852, 0.0851949080824852, 0.0851949080824852, 0.0851949080824852], "val_recall": [1.0, 1.0, 1.0, 1.0, 1.0, 1.0, 1.0, 1.0, 1.0, 1.0, 1.0, 1.0, 1.0, 1.0, 1.0, 1.0, 1.0, 1.0, 1.0, 1.0, 1.0], "learning_rate": [0.0010000000474974513, 0.0010000000474974513, 0.0010000000474974513, 0.0010000000474974513, 0.0010000000474974513, 0.0010000000474974513, 0.0010000000474974513, 0.0010000000474974513, 0.0010000000474974513, 0.0010000000474974513, 0.0010000000474974513, 0.00010000000474974513, 0.00010000000474974513, 0.00010000000474974513, 0.00010000000474974513, 0.00010000000474974513, 0.00010000000474974513, 0.00010000000474974513, 0.00010000000474974513, 0.00010000000474974513, 0.00010000000474974513, 1.0000000656873453e-05, 1.0000000656873453e-05, 1.0000000656873453e-05, 1.0000000656873453e-05, 1.0000000656873453e-05, 1.0000000656873453e-05, 1.0000000656873453e-05, 1.0000000656873453e-05, 1.0000000656873453e-05, 1.0000000656873453e-05, 1.0000001111620804e-06, 1.0000001111620804e-06, 1.0000001111620804e-06, 1.0000001111620804e-06, 1.0000001111620804e-06, 1.0000001111620804e-06, 1.0000001111620804e-06, 1.0000001111620804e-06, 1.0000001111620804e-06, 1.0000001111620804e-06]}